热门查询,点击次数,展示,点击率,排名
android unlock tool,62,365,16.99%,2.69
android unlock tool free,9,69,13.04%,4.68
android unlock tool free download,6,34,17.65%,1.85
nokia 1.4 hard reset tool download,5,79,6.33%,7.29
nokia 1.4 hard reset unlock tool,5,47,10.64%,4.19
samsung galaxy xcover pro bypass screen lock,5,46,10.87%,4.8
recently deleted in infinix hot 11s,5,18,27.78%,2.28
hevc codec for premiere pro free download,4,31,12.9%,7.06
nokia 1.4 hard reset tool,3,65,4.62%,7.38
android unlock tool for pc,3,54,5.56%,6.15
oppo a31 unlock tool,3,27,11.11%,2.52
nokia x100 screen lock bypass,3,26,11.54%,7.96
xiaomi corrupted photos,3,22,13.64%,4.59
unlock tool android,3,17,17.65%,2.71
oppo f5 corrupted image boot recovery,3,14,21.43%,3.64
how to unlock samsung note 10 lite without password,3,8,37.5%,6.12
moto g pure screen lock bypass without losing data,3,7,42.86%,17.29
sony xperia broken screen data recovery,3,6,50%,5
tecno spark 6 go recently deleted photos,3,4,75%,1.5
broken android data extraction,2,123,1.63%,11.82
nokia password unlock tool,2,70,2.86%,6.4
nokia pattern unlock tool,2,64,3.12%,6.92
meizu unlock tool,2,54,3.7%,7.04
samsung a32 screen lock bypass,2,39,5.13%,7.1
how to unlock tecno spark phone password without losing data,2,37,5.41%,8.35
huawei p30 broken screen data recovery,2,31,6.45%,8.81
nokia 1.4 unlock tool,2,28,7.14%,3
android unlocker tool free download,2,27,7.41%,3.26
sony xperia pattern unlock tool download,2,20,10%,2.7
nokia 150 video format,2,19,10.53%,4.84
xiaomi photos disappeared,2,19,10.53%,5.26
unlock tools for android,2,15,13.33%,4.87
meizu password remove tool,2,14,14.29%,4.79
mi 11 lite unlock tool,2,12,16.67%,2.5
free unlock tool for android,2,12,16.67%,3.75
adobe media encoder hevc codec download,2,12,16.67%,9.25
xiaomi messages disappeared,2,8,25%,1.25
samsung a50 data recovery broken screen,2,8,25%,8.5
how to unlock tecno camon 16,2,7,28.57%,3.57
samsung a51 screen lock remove,2,6,33.33%,5.17
nokia password unlocker,2,5,40%,5.2
call log recovery,2,5,40%,29.8
unlock android tool,2,4,50%,1.75
fire tv stick h265,2,4,50%,9.25
download android unlock tool,2,3,66.67%,3
meizu userlock remove tool v1.0,2,2,100%,32
hevc codec for premiere pro,1,37,2.7%,10.59
nokia unlock tool,1,36,2.78%,8.94
xiaomi broken screen data recovery,1,33,3.03%,8.36
"pin lg , pin lg v20",1,33,3.03%,33.48
how to recover deleted photos in infinix hot 11s,1,32,3.12%,4.41
how to recover deleted call history in redmi,1,32,3.12%,6.25
mp4moviesz2,1,32,3.12%,7.75
how to unlock infinix hot 7 forgotten password,1,28,3.57%,6.07
infinix note 10 fingerprint software download,1,26,3.85%,10.42
oppo a31 password unlock tool,1,23,4.35%,3.22
oppo f11 unlock tool,1,23,4.35%,4.52
how to recover deleted photos in infinix phone,1,23,4.35%,7.22
does infinix have recently deleted photos,1,22,4.55%,4.5
a02s unlock tool,1,20,5%,5.6
alcatel unlock tool,1,20,5%,11.2
alcatel pin bypass,1,19,5.26%,8.84
nokia 1.4 hard reset,1,19,5.26%,14.84
how to recover deleted messages from redmi note 9,1,16,6.25%,2
oppo k1 unlock tool,1,16,6.25%,2
samsung a10 pattern unlock software download,1,16,6.25%,5.38
nokia 3310 video format support,1,16,6.25%,5.62
fonecopy,1,16,6.25%,6
convert 4k to 1080p android,1,16,6.25%,9.12
how to unlock redmi note 11 without losing data,1,15,6.67%,8.73
android phone unlocker,1,15,6.67%,17.2
android unlocker,1,15,6.67%,20.47
xpotter,1,13,7.69%,2.23
sony xperia x forgot password,1,13,7.69%,10
how to bypass xiaomi lock screen,1,12,8.33%,9.58
how to bypass screen lock on nokia phone,1,12,8.33%,18.58
mi note 10 lite unlock tool,1,11,9.09%,3.36
how to recover deleted messages on infinix phone,1,11,9.09%,3.64
kmplayer repack,1,11,9.09%,5.09
how to unlock samsung galaxy a20 without password,1,11,9.09%,6.45
vp9 converter,1,11,9.09%,9.73
oppo k1 pattern unlock tool,1,10,10%,2
how to recover deleted videos on tecno phone,1,10,10%,4.8
nokia x100 bypass lock screen,1,10,10%,5
how to recover deleted call history in oneplus nord,1,10,10%,6.4
how to recover deleted photos in redmi note 8,1,10,10%,7.6
mi note 10 lite mi account remove unlock tool,1,10,10%,8.4
unlock tecno spark 7,1,10,10%,8.9
free screen lock removal software,1,10,10%,9.4
infinix smart 6 unlock tool,1,9,11.11%,5.22
password remover android,1,9,11.11%,6.56
samsung j7 unlock software,1,9,11.11%,7
iphone 12 pro passcode bypass,1,9,11.11%,8.22
android password remover software for pc,1,9,11.11%,10.44
oppo a83 corrupted image,1,8,12.5%,2.12
nokia 1.4 pattern unlock tool,1,8,12.5%,3.38
download nokia hard reset tool 1.4,1,8,12.5%,5.5
hevc after effects,1,8,12.5%,6.25
nokia 1.4 reset tool,1,8,12.5%,6.38
samsung a51 remove screen lock,1,8,12.5%,6.38
redmi note 9 your device is corrupted,1,8,12.5%,7.12
install hevc codec premiere pro,1,8,12.5%,10.38
tool unlock android,1,7,14.29%,1.14
infinix hot 11s recently deleted photos,1,7,14.29%,1.71
oppo a94 unlock tool,1,7,14.29%,2
vivo y69 pattern unlock tool,1,7,14.29%,2.71
huawei p30 data recovery,1,7,14.29%,3.43
redmi k30 5g mi account bypass unlock tool,1,7,14.29%,4.29
how to recover deleted messages in redmi note 8,1,7,14.29%,5.43
oppo a11 userlock remove,1,7,14.29%,5.86
oppo f3 pattern unlock tool,1,7,14.29%,6
huawei mate 20 pro forgot password,1,7,14.29%,8.29
vivo y30 password unlock tool,1,7,14.29%,8.29
xiaomi this device is locked bypass,1,7,14.29%,10.43
resize gif mac,1,7,14.29%,13.43
how to unlock samsung a03s phone forgot password,1,7,14.29%,15.29
infinix deleted photos,1,6,16.67%,4.17
nokia phone unlock software,1,6,16.67%,5
how to recover deleted photos in infinix hot 10,1,6,16.67%,5.83
how to retrieve deleted text messages on lg stylo 6,1,6,16.67%,6
nokia 1.4 hard reset tool free download,1,6,16.67%,6.67
hevc codec premiere pro 2021 download,1,6,16.67%,8.17
hevc video extensions premiere pro,1,6,16.67%,9
how to check call history in moto g5 plus,1,6,16.67%,9
recover deleted messages oppo,1,6,16.67%,9.33
imovie h265,1,6,16.67%,11.17
how to unlock a nokia phone when i forgot the password without losing data,1,6,16.67%,29.33
oppo a95 unlocktool,1,5,20%,2
oppo k3 unlock tool,1,5,20%,3.2
samsung a40 broken screen data recovery,1,5,20%,4.6
nokia unlock software,1,5,20%,5.4
vlc android h265,1,5,20%,5.6
mp4 xiaomi,1,5,20%,6
davinci resolve hevc import,1,5,20%,6.6
after effects h265,1,5,20%,6.8
samsung galaxy a50 broken screen data recovery,1,5,20%,7.8
redmi note 10 lite mi account remove unlock tool,1,5,20%,8.2
oppo r15 hard reset forgot password,1,5,20%,8.8
hevc codec download for premiere pro,1,5,20%,9.2
x265 to x264 converter android,1,5,20%,9.4
redmi lock password,1,5,20%,9.6
hevc video extension for premiere pro,1,5,20%,9.8
infinix hot 10 play bypass,1,5,20%,17.6
android unlock tool download,1,4,25%,2.25
android unlocker tool free,1,4,25%,4
trace event format,1,4,25%,6.25
typescript is关键字,1,4,25%,7
vivo v9 password unlock tool,1,4,25%,7.25
samsung a32 bypass lock screen,1,4,25%,7.75
where is recycle bin in redmi note 8,1,4,25%,10
lg stylo 6 unlock software,1,4,25%,13
how to unlock samsung s7 edge without password,1,4,25%,14.5
how to unlock sony xperia pin lock without losing data,1,4,25%,15.5
premiere pro avi unsupported format,1,4,25%,16.25
vivo y21l unlock tool,1,3,33.33%,2.67
meizu m3 note password remove tool,1,3,33.33%,3
mp4 player xiaomi,1,3,33.33%,3.67
vivo v15 pro password unlock tool,1,3,33.33%,4
screen unlock tool,1,3,33.33%,4.67
vlc android x265,1,3,33.33%,5
how to fix corrupted photos on samsung,1,3,33.33%,5.33
kmplayer repack by cuta,1,3,33.33%,5.33
bypass screen lock alcatel,1,3,33.33%,7.33
redmi note 8 device is locked,1,3,33.33%,7.33
how to convert 4k to 1080p on android,1,3,33.33%,8.33
convert to vp9,1,3,33.33%,8.67
iphone xr unlocktool,1,3,33.33%,10.33
xiaomi deleted messages,1,3,33.33%,11.33
nokia x100 device state locked,1,3,33.33%,14.67
samsung j4 pattern unlock without data loss,1,3,33.33%,15
oppo a9 2020 password unlock tool,1,3,33.33%,18.33
kinesisgaming,1,3,33.33%,46.67
samsung galaxy a40 broken screen data recovery,1,2,50%,3.5
redmi 9 screen lock remove without losing data,1,2,50%,7
redmi 9a lock screen,1,2,50%,8
resize gif without quality loss,1,2,50%,8
broken screen huawei data recovery,1,2,50%,10.5
moto g pure screen lock bypass,1,2,50%,11
nokia x100 factory reset without password,1,2,50%,13.5
unlock samsung a51 without losing data,1,2,50%,15.5
apple tv dts passthrough,1,2,50%,16
how to reset nokia c20 forgot password,1,2,50%,16.5
nokia ta-1322 hard reset tool download,1,2,50%,17.5
vivo y15s unlock tool,1,2,50%,20.5
samsung a20 unlock,1,2,50%,22.5
rsv file to mp4,1,2,50%,30
nokia x100 unlock,1,2,50%,30.5
image data corrupted lg,1,1,100%,1
this device is locked redmi note 8,1,1,100%,8
how to bypass pattern lock on nokia,1,1,100%,9
meizu unlock tool скачать,1,1,100%,10
vivo v9 unlock tool,1,1,100%,10
oppo a71 corrupted image,1,1,100%,12
oppo a9 2020 password unlock,1,1,100%,14
how to recover deleted messages on moto g,1,1,100%,19
how to unlock samsung a20 pattern lock,1,1,100%,19
how to retrieve deleted messages on oneplus nord,1,1,100%,20
vivo y17 password unlock,1,1,100%,21
oppo ax5 hard reset without password,1,1,100%,22
hevc ipad,1,1,100%,23
how to unlock xiaomi phone without losing data,1,1,100%,24
redmi note 9 password unlock without data loss,1,1,100%,25
device unlock samsung a03s,1,1,100%,30
vivo z1 pro broken screen image,1,1,100%,32
samsung a50 unlock tool,1,1,100%,42
how to fix corrupted video files on android,1,1,100%,46
mi a3 frp unlock tool,1,1,100%,61
blu-ray ripping,1,1,100%,79
hxr-nx3,1,1,100%,79
android data recovery,0,197,0%,45.42
vivo y7s unlocked dual sim phone,0,179,0%,10.87
gif to apng,0,92,0%,54.77
flip pdf,0,92,0%,75.24
free android unlock tool,0,68,0%,7.57
unlock samsung galaxy a5,0,68,0%,42.03
android file recovery,0,59,0%,52.68
unlock samsung galaxy s7,0,56,0%,75.09
samsung galaxy a02s unlocked,0,54,0%,67.37
galaxy a02s unlocked,0,52,0%,74.27
laptop speed test,0,51,0%,51.14
android data recovery software,0,48,0%,50.48
broken nokia,0,46,0%,2.02
best android data recovery software,0,46,0%,60.02
samsung photo recovery,0,46,0%,70.3
where is recycle bin in infinix hot 10,0,43,0%,7.26
nokia 108,0,43,0%,54.81
unlock iphone 8 plus,0,42,0%,78.26
"pin lg , pin gpro2",0,40,0%,10.47
unlock samsung galaxy s6,0,40,0%,70.58
apng resizer,0,39,0%,10.41
unlock samsung galaxy fold,0,39,0%,45.82
mp4 repair software,0,39,0%,56.33
where is recycle bin in tecno phone,0,38,0%,7.05
android data recovery free,0,38,0%,50.53
unlock samsung galaxy j3,0,38,0%,66.87
unlock iphone 8,0,38,0%,71.92
android data extraction,0,37,0%,23.68
"pin lg , pin lg k10",0,37,0%,38.86
unlock samsung galaxy note 5,0,36,0%,40.53
"pin lg , pin lg v10",0,36,0%,40.69
mkv movies,0,36,0%,82
phab2 conversion tool,0,35,0%,8.51
oppo a7 password unlock tool,0,35,0%,8.89
unlock samsung galaxy s4,0,35,0%,63.54
find my stylo 6 i lost it,0,34,0%,11
unlock samsung galaxy j5,0,34,0%,41.94
android data recovery tool,0,34,0%,44.32
"pin lg , pin lg g2",0,34,0%,44.5
"pin lg , pin lg g5",0,34,0%,64.56
data recovery for android,0,34,0%,65.24
moto e7 plus frp unlock tool,0,33,0%,6.67
how to unlock tecno spark 7,0,33,0%,7.97
markdown to pdf,0,33,0%,87.88
screen lock tool,0,32,0%,9.94
how to see call history in oneplus,0,32,0%,10.34
unlock samsung galaxy s20,0,32,0%,45.72
unlock samsung galaxy a3,0,32,0%,54.75
unlock samsung galaxy note 3,0,32,0%,62.41
unlock samsung galaxy note 10 plus,0,32,0%,72.88
recently deleted photos in infinix,0,31,0%,5.16
repair mp4 file,0,31,0%,65.9
data recovery android,0,31,0%,74.77
best flipbook software,0,30,0%,39.33
resize animated gif,0,30,0%,79.47
unlock samsung galaxy s5,0,30,0%,83.43
alcatel history,0,29,0%,1
how to unlock tecno spark phone password,0,29,0%,10.79
"pin lg , pin lg g3",0,29,0%,43.1
blackberry priv unlocked,0,29,0%,51.55
gif в apng,0,28,0%,8
"pin lg , pin lg g4",0,28,0%,52.07
how to retrieve deleted photos on samsung,0,28,0%,62.18
unlock samsung s21 ultra,0,28,0%,72.93
showing up avi,0,27,0%,9.74
lock screen tools,0,27,0%,40.7
android data recovery app,0,27,0%,61.78
blu ray ripper,0,27,0%,77.04
how to retrieve deleted texts on samsung,0,27,0%,86.37
heic to png,0,27,0%,86.48
tablet data recovery,0,26,0%,49.38
video repair software,0,26,0%,61.73
huawei ascend g750,0,26,0%,68.65
convert avchd to mp4,0,26,0%,72.62
coolpad unlock tool,0,25,0%,8.08
infinix trash folder,0,25,0%,9.12
hevc codec premiere pro download,0,25,0%,9.64
reduce apng size,0,25,0%,12.08
unlock samsung galaxy s3,0,25,0%,75.16
how to recover deleted photos in redmi note 9 pro,0,24,0%,8.25
lite remove tool download,0,24,0%,8.54
how to unlock sony xperia,0,24,0%,42.08
upscale 1080p to 4k,0,24,0%,54.79
how to recover deleted photos from samsung,0,24,0%,64.21
resize gif,0,24,0%,67.58
convert heic to jpg mac,0,24,0%,82.29
photo transfer app,0,24,0%,93.96
how to retrieve deleted pictures on tecno phone,0,23,0%,6.7
spark call history,0,23,0%,10.78
nokia 216,0,23,0%,15.17
gif to animated png,0,23,0%,32.17
lock screen tool,0,23,0%,33.22
corrupted video file repair,0,23,0%,59.7
recover deleted photos samsung,0,23,0%,68.17
redmi note 9 pro broken images,0,22,0%,1.91
samsung a71 unlock tool,0,22,0%,5.64
df1202512cl,0,22,0%,5.91
how to recover deleted photos from tecno phone,0,22,0%,7.41
premiere pro hevc codec download,0,22,0%,9.55
how to unlock tecno spark 8,0,22,0%,9.95
speedtest for mac,0,22,0%,69.55
msi b450 gaming pro carbon ac,0,22,0%,70.86
android unlock download,0,21,0%,6.62
how to unlock tecno spark 4 password,0,21,0%,7.76
adobe hevc codec download,0,21,0%,8.67
android lock screen removal,0,21,0%,32.86
android phone data recovery,0,21,0%,64.33
mts to mp4,0,21,0%,93.9
recycle bin in tecno spark 7,0,20,0%,6.65
how to unlock samsung galaxy grand prime without losing data,0,20,0%,10.55
oppo a37 fingerprint,0,20,0%,22.75
alcatel 3l screen,0,20,0%,57.7
how to recover deleted photos from samsung phone,0,20,0%,63.15
nokia unlock,0,20,0%,76.5
video converter ultimate,0,20,0%,78.35
vivo y76 5g frp unlock tool,0,19,0%,6.89
redmi note 8 broken pic,0,19,0%,7
android lock screen removal software free,0,19,0%,9.89
how to check call history in oneplus nord,0,19,0%,10.89
android data recovery mac,0,19,0%,31.53
best blu ray ripper,0,19,0%,34.11
repair corrupted video,0,19,0%,55.89
"pin samsung , pin samsung a3",0,19,0%,69.32
repair jpeg file,0,19,0%,80.11
gif resizer,0,19,0%,83.05
blackmagic speed test,0,19,0%,87.26
tecno iphone copy,0,18,0%,1
tecno spark 8c picture,0,18,0%,1
where is trash in infinix hot 10,0,18,0%,5.56
bytecopy,0,18,0%,8.61
oppo a5 2020 unlock tool,0,18,0%,10.56
android recovery tool,0,18,0%,34.72
stellar phoenix photo recovery,0,18,0%,47.61
"pin lg , pin lg glex2",0,18,0%,51.39
fonetrans,0,18,0%,54.72
aurora data recovery,0,18,0%,67.5
heic to jpg mac,0,18,0%,74.78
h500m,0,18,0%,83.5
usb debugging in oneplus nord,0,17,0%,1
password unlocker for android,0,17,0%,10.06
how to retrieve deleted messages on samsung a22,0,17,0%,10.47
"this file requires the hevc codec which is included with a creative cloud 
membership",0,17,0%,11.18
redmi note 7 pro broken pic,0,17,0%,16.94
hd video repair utility,0,17,0%,43.71
memory card for nikon d3300,0,17,0%,58.24
jpeg repair software,0,17,0%,75.76
avi to iphone,0,17,0%,79.29
video canon 6d,0,17,0%,79.88
pictures of infinix smart 5,0,16,0%,1.5
nokia iphone copy,0,16,0%,1.56
gionee l50,0,16,0%,1.88
redmi 9a pattern unlock without data loss,0,16,0%,4.5
lg stylo 4 image data corrupted,0,16,0%,8.06
how to unlock samsung s20,0,16,0%,8.31
how to recover deleted messages in vivo phone,0,16,0%,9.38
xz video,0,16,0%,9.5
free android lock screen removal software for pc,0,16,0%,10.12
how to check call history in oneplus,0,16,0%,10.31
how to check deleted call history in vivo,0,16,0%,10.38
davinci resolve hevc,0,16,0%,13.44
cam contacts,0,16,0%,19.31
lock screen removal android,0,16,0%,33.81
data recovery on android,0,16,0%,39.06
gif to apng converter,0,16,0%,40.94
dark rock pro 4 review,0,16,0%,60.94
mp4 repair,0,16,0%,61.38
unlocked htc one m8,0,16,0%,69.06
free android data recovery,0,16,0%,74.06
how to convert avchd to mp4,0,16,0%,75.94
video repair tool,0,16,0%,78.56
password unlock tool,0,15,0%,7.07
how to bypass pin lock on alcatel one touch without losing data,0,15,0%,8.2
free android lock screen removal software free,0,15,0%,8.27
imovie mpg,0,15,0%,8.33
heic premiere pro,0,15,0%,8.53
how to recover deleted photos in redmi note 9,0,15,0%,8.53
how to unlock tecno spark,0,15,0%,10.07
samsung galaxy mp4,0,15,0%,12.67
hevc davinci resolve,0,15,0%,12.8
oppo unlock tool,0,15,0%,20.67
flip pdf software,0,15,0%,22.6
iphone unlock tool,0,15,0%,27.93
lg data recovery,0,15,0%,41.13
unlock sony xperia,0,15,0%,44.93
recover deleted music,0,15,0%,51.67
how to recover corrupted video files,0,15,0%,70.8
iphone 14 pro passcode,0,15,0%,74.27
android recovery software,0,15,0%,76.6
jpeg file repair,0,15,0%,80.13
my nikon camera broke,0,15,0%,90.87
convert mts to mp4,0,15,0%,91.4
my vivo phone is stuck on logo,0,14,0%,1
redmi note 9 pro broken photo,0,14,0%,2.14
redmi note 8 password unlock tool,0,14,0%,3.43
how to find deleted photos in infinix,0,14,0%,4.79
how to retrieve deleted photos on infinix phone,0,14,0%,5.5
oppo f5 password unlock tool,0,14,0%,5.86
recycle bin in infinix hot 10,0,14,0%,6.07
how to recover deleted pictures on infinix android phone,0,14,0%,6.14
convert 4k video to 1080p android,0,14,0%,9.07
how to recover deleted call history in vivo,0,14,0%,10.07
nokia screen lock bypass,0,14,0%,10.07
gionee,0,14,0%,13.5
ogv format,0,14,0%,25.21
reno data recovery,0,14,0%,26.14
stellar data recovery for iphone,0,14,0%,29.29
corsair k63 wireless review,0,14,0%,29.79
any data recovery,0,14,0%,47.86
how to unlock alcatel,0,14,0%,52.07
lg g4 stylus 3g,0,14,0%,53.5
массаж лингама в питере,0,14,0%,54.57
nokia 208,0,14,0%,56.43
iphone unlock software,0,14,0%,58.64
lg k8 unlocked,0,14,0%,65.86
hevc codec vlc,0,14,0%,66.79
corrupted video,0,14,0%,79.93
huawei nova 5 pro,0,14,0%,81.86
nokia xl 4g,0,14,0%,83.43
spark 8 pics,0,13,0%,1
android unlocker tool,0,13,0%,4.15
redmi note 8 damage pic,0,13,0%,4.62
deleted photos in infinix,0,13,0%,4.69
how to recover deleted files on infinix phone,0,13,0%,5.69
how to unlock redmi 9a without losing data,0,13,0%,6.46
how to unlock vivo y91c forgot password,0,13,0%,6.46
phab 2 conversion tool,0,13,0%,6.54
how to recover deleted pictures on tecno phone,0,13,0%,6.77
vivo y76 5g frp bypass,0,13,0%,6.85
how to unlock samsung a20,0,13,0%,7
infinix smart 6 dead solution,0,13,0%,8.46
printable flipbook,0,13,0%,9.08
redmi call history,0,13,0%,9.08
huawei y9 prime pattern unlock without data loss,0,13,0%,9.15
adobe premiere pro hevc codec download,0,13,0%,9.85
ffmpeg repair mp4,0,13,0%,19.85
4k video converter android,0,13,0%,21.92
sixy videos,0,13,0%,32.92
data recovery reno,0,13,0%,33.38
jpg repair tool,0,13,0%,45.92
corrupted photo recovery,0,13,0%,47.31
p110 luce,0,13,0%,49.08
b450 gaming pro carbon ac amd,0,13,0%,50.92
mov file repair,0,13,0%,55.23
mac mov fix,0,13,0%,57
лингама спб,0,13,0%,58.77
phone data recovery,0,13,0%,62.77
nokia 222,0,13,0%,65.54
android data recovery program,0,13,0%,65.77
unlock nokia phone,0,13,0%,66.54
blackmagic disk speed test,0,13,0%,68.23
android data recovery software for mac,0,13,0%,74.15
mov repair,0,13,0%,78.77
lg gx2,0,13,0%,80.77
damaged photo repair,0,13,0%,91.08
lumia ray,0,12,0%,1
redmi deleted photos,0,12,0%,1
vivo lock screen wallpaper,0,12,0%,1
uselayouteffect使用场景,0,12,0%,2.25
how to retrieve deleted messages on nokia 3310,0,12,0%,5.08
recycle bin in tecno spark 8,0,12,0%,5.58
xiaomi mp4 player,0,12,0%,5.58
android password removal tool free,0,12,0%,5.92
how to recover deleted photos from redmi note 10,0,12,0%,6.67
huawei nova 5t forgot password,0,12,0%,6.75
vivo y91 your device is corrupted,0,12,0%,6.83
does premiere pro support heic,0,12,0%,7.83
oppo a7 pattern unlock tool download,0,12,0%,8.83
android lock screen removal software,0,12,0%,9.33
xiaomi call history,0,12,0%,9.42
android lock screen removal software free download,0,12,0%,9.92
android unlocker free,0,12,0%,10.5
this file requires the hevc codec,0,12,0%,10.83
16:9 to 4:3 converter,0,12,0%,11.58
купить samsung mondi swd m100,0,12,0%,12.67
how to recover deleted messages from keypad phone,0,12,0%,24.58
how to retrieve deleted text messages from old nokia phone,0,12,0%,25.25
how to unlock zte phone without losing data,0,12,0%,25.33
lg ice cream smart,0,12,0%,35.42
apng to gif,0,12,0%,37.92
corsair k63 review,0,12,0%,38.75
how to recover deleted photos from samsung s8,0,12,0%,43.83
fix corrupt mp4,0,12,0%,52.58
lg k40 screen repair near me,0,12,0%,57.83
unlock nokia 3310,0,12,0%,58.75
how to unlock iphone 13 without passcode,0,12,0%,61.92
android data recovery mac free,0,12,0%,62.42
screen mate 9 pro,0,12,0%,62.58
android data recovery softwares,0,12,0%,63.75
тайский эротический массаж спб,0,12,0%,63.83
htc one m8 unlocked,0,12,0%,67.08
best flipbook,0,12,0%,71.33
recover photos after factory reset android,0,12,0%,72.83
how to unlock iphone xs max without passcode,0,12,0%,73.33
samsung galaxy s6 edge unlocked,0,12,0%,76.17
how to retrieve deleted phone numbers on android,0,12,0%,78.92
jpeg repair tool,0,12,0%,79
sony xperia c3 dual,0,12,0%,87.17
rip dvd to mp4,0,12,0%,88.42
convert md to pdf,0,12,0%,93.25
infinix smart 5 picture,0,11,0%,1.18
redmi note 9 pro max broken images,0,11,0%,2
unlock tool for android,0,11,0%,3.64
xvideo top,0,11,0%,4.55
oppo f11 password unlock tool,0,11,0%,4.91
how to recover deleted photos from infinix hot 10,0,11,0%,5
oppo reno 2 unlock,0,11,0%,5.27
how to unlock redmi note 9 without losing data,0,11,0%,5.45
how to unlock tecno spark 7 without losing data,0,11,0%,5.45
can you retrieve deleted messages from oppo phone,0,11,0%,7.73
tecno phone unlocking software,0,11,0%,7.73
file format not supported or file is corrupted redmi,0,11,0%,7.82
how to retrieve deleted messages on oppo,0,11,0%,8.91
vivo y93 unlock tool,0,11,0%,9
how to retrieve deleted text messages on oppo,0,11,0%,9.18
infinix recycle bin,0,11,0%,9.27
samsung a03 lock screen,0,11,0%,9.91
sony xperia data recovery,0,11,0%,10.64
broken android phone data extraction,0,11,0%,13.18
alcatel call logging,0,11,0%,15
xz videos,0,11,0%,15.09
ffmpeg fix mp4,0,11,0%,23.09
convert gif to animated png,0,11,0%,26.55
premiere pro unsupported compression type,0,11,0%,27.73
antec p110 luce,0,11,0%,32.45
lg g3 cat 6,0,11,0%,33.18
unlock htc wildfire,0,11,0%,35.18
msi b450 gaming pro carbon,0,11,0%,48.18
restore deleted music files,0,11,0%,49.64
mkvmovies,0,11,0%,50.82
video repair mac,0,11,0%,51.45
fixing corrupt video files,0,11,0%,56.91
blu ray ripping software,0,11,0%,57.09
stellar repair for video,0,11,0%,57.27
fix corrupted video files,0,11,0%,60
flip book software,0,11,0%,61.55
how to unlock galaxy note 4,0,11,0%,62.45
broken android data recovery,0,11,0%,63
convert h264 to h265,0,11,0%,63.27
unlock tool,0,11,0%,63.55
sennheiser gsp 500,0,11,0%,65
desbloquear a10e,0,11,0%,65.09
how to unlock iphone 8 plus,0,11,0%,67
corrupted jpeg file,0,11,0%,67.45
xiaomi phone unlock,0,11,0%,67.45
unlock samsung galaxy s9,0,11,0%,67.55
huawei y6 2017,0,11,0%,69.36
corsair k63 wireless,0,11,0%,70.45
samsung galaxy a3 unlocked,0,11,0%,71.82
mp4 damaged repair,0,11,0%,73.91
repair video file,0,11,0%,73.91
hevc codec download,0,11,0%,79
google play nexus 5 unlocked,0,11,0%,81.64
galaxy j6 contract,0,11,0%,82.09
h265 converter,0,11,0%,89
infinix smart 5 pics,0,10,0%,1.1
oppo f11 pro password unlock tool,0,10,0%,2.8
nokia 130 video format,0,10,0%,3.9
tecno lock,0,10,0%,4.4
oppo a9 password unlock tool download,0,10,0%,4.8
how to unlock huawei y9 2019 without losing data,0,10,0%,5.5
recycle bin in redmi note 8 pro,0,10,0%,6.1
redmi note 9 broken screen image,0,10,0%,7.1
how to bypass pattern lock on alcatel one touch without losing data,0,10,0%,7.6
how to bypass pin lock on alcatel one touch,0,10,0%,7.7
broken xiaomi,0,10,0%,7.8
redmi broken screen data recovery,0,10,0%,8
premiere pro heic,0,10,0%,8.8
best xvideo,0,10,0%,8.9
itel a23 pro unlock,0,10,0%,8.9
how to unlock tecno spark 4,0,10,0%,9.4
how to install hevc codec premiere pro,0,10,0%,9.5
tecno device breaking fix,0,10,0%,10.5
redmi note 9 screen lock remove without losing data,0,10,0%,11
spark data recovery,0,10,0%,13.3
how to unlock tecno phone password without losing data,0,10,0%,16.3
surface mp4,0,10,0%,16.9
hevc premiere pro,0,10,0%,17.3
upscale video to 4k,0,10,0%,21
extract android data,0,10,0%,22.1
bharat dvd,0,10,0%,35.6
zipforge,0,10,0%,36.1
case xperia m5,0,10,0%,50.3
unlock blackberry,0,10,0%,51.7
repair a video file,0,10,0%,53.2
b450 gaming pro carbon ac,0,10,0%,53.4
plex samsung tv,0,10,0%,56.7
asus password bypass,0,10,0%,59.1
lg stylo 6 unlocked,0,10,0%,60.9
recycle lg g3,0,10,0%,63.7
bandwidth monitor mac,0,10,0%,64.1
recover deleted audio files,0,10,0%,66.1
unlock samsung s7,0,10,0%,66.3
free mov file repair,0,10,0%,67.8
flip book for mac,0,10,0%,68.9
youtube converter 4k,0,10,0%,70.4
unlock alcatel phone,0,10,0%,70.6
canon photo recovery,0,10,0%,71.6
galaxy tab 3g,0,10,0%,71.9
4k to 1080p converter,0,10,0%,73.2
how to unlock iphone 5c,0,10,0%,75.4
repair a mov,0,10,0%,75.5
blu-ray ripper,0,10,0%,79.2
hd video repair,0,10,0%,79.3
how to recover deleted call history,0,10,0%,82.7
lg spirit lte,0,10,0%,83.5
unlock samsung note 7,0,10,0%,90.6
huawei p smart 2019 screen,0,10,0%,92.3
oppo 1201 model name,0,9,0%,1
oppo deleted photos recovery,0,9,0%,1
redmi note 8 pro damage photo,0,9,0%,3.11
how to recover deleted messages on tecno phone,0,9,0%,4.11
recycle bin in tecno spark 6,0,9,0%,5.33
how to recover permanently deleted photos from oppo a5s,0,9,0%,5.44
how to bypass infinix smart 6,0,9,0%,5.67
oppo a31 frp unlock tool,0,9,0%,5.67
this video cannot be edited oppo,0,9,0%,5.78
after effects hevc,0,9,0%,6.11
oppo a9 unlock tool,0,9,0%,6.11
redmi note 9 screen lock remove,0,9,0%,6.33
basic writing and formatting syntax,0,9,0%,7.22
image data corrupted lg stylo 4,0,9,0%,8
xiaomi video not playing,0,9,0%,8.33
free android screen lock removal tool,0,9,0%,8.56
free android password removal tool,0,9,0%,8.78
call history in oneplus nord,0,9,0%,9
nokia 107,0,9,0%,9.33
how to unlock infinix hot,0,9,0%,9.78
davinci resolve heic files,0,9,0%,10.11
how to see call history in oneplus nord 2,0,9,0%,10.33
nokia c20 pattern unlock tool,0,9,0%,10.33
huawei data recovery broken screen,0,9,0%,10.56
huawei password remover download,0,9,0%,11.78
nokia c2-01 unlock,0,9,0%,12.67
bypass lock screen motorola,0,9,0%,13.44
how to unlock moto g pure without password,0,9,0%,15.11
motorola unlock tool,0,9,0%,16.11
fastkeys crack,0,9,0%,16.56
hevc codec premiere pro,0,9,0%,17.78
apple tv 4k audio passthrough,0,9,0%,22.89
final cut pro mkv,0,9,0%,31.44
16:9 converter,0,9,0%,31.67
iphone 12 keeps restarting,0,9,0%,35.78
video file repair,0,9,0%,45.22
intel core i5 8600 3.10 ghz,0,9,0%,45.78
recover android data,0,9,0%,45.89
h265 youtube,0,9,0%,49
antec p110,0,9,0%,52.33
history of xiaomi,0,9,0%,52.33
android data recovery pro,0,9,0%,52.89
fix corrupted video,0,9,0%,57
best android data recovery,0,9,0%,59
recover deleted call log,0,9,0%,59.89
repair mov file,0,9,0%,60.44
how to retrieve deleted contacts from phone memory,0,9,0%,60.78
htc one unlocked,0,9,0%,65
how to resize a gif,0,9,0%,65.44
deepcool quadstellar,0,9,0%,66.89
dxo one android,0,9,0%,68.89
recover corrupt mov file,0,9,0%,69.22
fix corrupted jpeg files,0,9,0%,70.56
net speed monitor windows 10,0,9,0%,73
samsung galaxy beam 2,0,9,0%,73
samsung galaxy tab e lite,0,9,0%,75
apple tv mkv,0,9,0%,76
avchd to mp4,0,9,0%,76.89
4k video converter,0,9,0%,79.67
archos 50 diamond,0,9,0%,79.67
x470 taichi,0,9,0%,79.89
nexus 5 screen,0,9,0%,80.44
unlock samsung note 8,0,9,0%,82
prores codec for windows,0,9,0%,82.44
ios system recovery,0,9,0%,84.44
steelseries arctis pro review,0,9,0%,87.56
gif resize,0,9,0%,90.44
how to convert heic to jpg on mac,0,9,0%,91.11
network speed monitor,0,9,0%,94.11
picture of tecno spark 8,0,8,0%,1
vivo v21 unlock tool,0,8,0%,2
oppo reno 2 password unlock tool,0,8,0%,3
recently deleted photos in infinix hot 10,0,8,0%,4.62
ascend mp4,0,8,0%,4.75
j4 lost and found,0,8,0%,5.12
oppo a77 forgot pattern lock,0,8,0%,5.25
how to check call history in redmi note 11,0,8,0%,5.5
couldn't encode video xiaomi,0,8,0%,5.75
where is trash located in tecno spark 4,0,8,0%,5.88
nokia video format,0,8,0%,6.25
iphone xr unlock tool,0,8,0%,6.62
vivo v5 unlock tool,0,8,0%,6.75
how to recover deleted photos from redmi note 8 pro,0,8,0%,6.88
tecno lock remove,0,8,0%,7
bypass xiaomi lock screen,0,8,0%,7.12
xiaomi data recovery broken screen,0,8,0%,7.5
xiaomi recover data broken screen,0,8,0%,7.5
vivo y91c unlock password,0,8,0%,7.62
how to retrieve deleted messages on vivo,0,8,0%,7.88
how to find deleted messages on oppo,0,8,0%,8.12
nokia c30 forgot password,0,8,0%,8.12
how to retrieve deleted messages on oppo phone,0,8,0%,8.5
how to unlock tecno camon,0,8,0%,9.25
huawei p30 pro photos disappeared,0,8,0%,9.25
lock screen removal tool android,0,8,0%,9.25
premiere pro 2021 hevc codec download,0,8,0%,9.25
screen unlock android free,0,8,0%,9.25
how to retrieve deleted call log on vivo,0,8,0%,9.5
samsung a32 phone locked,0,8,0%,9.75
how to recover deleted messages from moto g5 plus,0,8,0%,10
how to recover deleted contacts from redmi phone,0,8,0%,10.12
redmi 10 unlock,0,8,0%,10.62
oppo broken screen data recovery,0,8,0%,10.88
sony xperia unlock software,0,8,0%,10.88
how to bypass tecno spark 7,0,8,0%,11.88
tecno unlocking software,0,8,0%,12
where is recycle bin in redmi note 9,0,8,0%,12
free alcatel unlock code generator,0,8,0%,12.25
unlock samsung a20,0,8,0%,14.62
resize apng,0,8,0%,15.75
lock screen removal app,0,8,0%,16.12
vivo password unlock tool,0,8,0%,16.25
oppo a37 recovery mode,0,8,0%,16.38
can a phone play 265 format,0,8,0%,17.38
hevc codec premiere,0,8,0%,20.5
ogv to avi,0,8,0%,21.25
how to unlock sony xperia password,0,8,0%,22.75
hevc codec mac,0,8,0%,26.12
be quiet dark rock pro 4 review,0,8,0%,31.25
stellar video repair,0,8,0%,39.62
how to upscale video to 4k,0,8,0%,43
repair video files,0,8,0%,46.88
sxy video,0,8,0%,47
samsung mp4,0,8,0%,51.62
oppo a30,0,8,0%,51.75
mov repair tool,0,8,0%,52.25
video repair tool free,0,8,0%,53.12
alcatel idol 4s windows 10,0,8,0%,53.5
blackberry data recovery service,0,8,0%,54.12
fix corrupted mp4,0,8,0%,55.75
recover deleted mp3 files,0,8,0%,56.75
mp4 repair tool,0,8,0%,57.12
mp4 corrupted file repair,0,8,0%,58.38
samsung contacts recovery,0,8,0%,58.88
gravity falls blu ray,0,8,0%,59.12
samsung unlock software,0,8,0%,59.12
iphone unlock toolkit,0,8,0%,59.25
android broken screen data recovery,0,8,0%,61.12
android photo recovery mac,0,8,0%,61.5
ipad air 2 dfu mode,0,8,0%,61.62
utorrent pro crack,0,8,0%,61.88
recovering corrupted video files,0,8,0%,62
android recovery download,0,8,0%,62.12
samsung j7 2018,0,8,0%,62.62
samsung data recovery from dead phone,0,8,0%,64.75
convert pdf to keynote,0,8,0%,65.25
repair mov files,0,8,0%,65.5
mp4 video repair,0,8,0%,66.12
samsung galaxy s8 active repair,0,8,0%,67.38
hevc vlc,0,8,0%,68.38
recover mp4 corrupted files,0,8,0%,69.5
corrupted picture,0,8,0%,69.62
jpeg file repair tool,0,8,0%,72
lenovo data recovery,0,8,0%,72
how to recover corrupted photos,0,8,0%,74
iphone 5c headphone,0,8,0%,74.12
how do i recover lost music files,0,8,0%,74.38
photo repair software,0,8,0%,76.75
nokia 225,0,8,0%,78.62
cooler master h500m,0,8,0%,79.25
iphone 5 stuck on apple logo,0,8,0%,80.25
corsair k63,0,8,0%,82.75
restore safari,0,8,0%,91.88
how to test internal network speed,0,8,0%,94.5
hot 10i picture,0,7,0%,1
infinix smart 5 images,0,7,0%,1
nokia 105 (2015),0,7,0%,1
redmi note 9 broken image,0,7,0%,2.29
redmi 9 broken image,0,7,0%,2.71
nokia 210 old,0,7,0%,2.86
how to recover deleted call log from moto g,0,7,0%,3
tecno pova neo unlock tool,0,7,0%,3.43
oppo k1 userlock remove,0,7,0%,3.71
android unlock tools,0,7,0%,4.29
failed to load video oppo,0,7,0%,4.86
redmi note 8 pro broken pic,0,7,0%,5
redmi video not playing,0,7,0%,5
h265 after effects,0,7,0%,5.14
oppo a54 damage photo,0,7,0%,5.57
does mac support hevc,0,7,0%,5.86
oppo deleted messages,0,7,0%,6.14
vivo y20 picture,0,7,0%,6.29
xvid codec virus eos,0,7,0%,6.29
how to find recycle bin in tecno spark 7,0,7,0%,6.43
spreadsheet gear,0,7,0%,6.43
how to check deleted call history in redmi,0,7,0%,6.57
infinix hot 10 recycle bin,0,7,0%,6.57
samsung galaxy core prime lock screen bypass,0,7,0%,6.86
how to unlock tecno spark 7 password,0,7,0%,7
vivo y30 unlock tool,0,7,0%,7
vp9 format,0,7,0%,7
how to open samsung a51 without password,0,7,0%,7.14
import mpg to imovie,0,7,0%,7.14
recycle bin in oppo a15,0,7,0%,7.14
download android unlock,0,7,0%,7.29
how to unlock a samsung a20 without password,0,7,0%,7.43
vp9 codec converter,0,7,0%,7.43
infinix data recovery,0,7,0%,7.57
xiaomi bypass lock screen,0,7,0%,7.86
how to recover deleted messages on oppo,0,7,0%,8
download hevc codec for premiere pro,0,7,0%,8.29
vivo v21 5g pattern unlock without data loss,0,7,0%,8.57
lg tv h265,0,7,0%,8.71
android screen lock removal software free,0,7,0%,9
mega unlock tool,0,7,0%,9
y1video download,0,7,0%,9.57
redmi 9a this device is locked bypass,0,7,0%,9.71
unlock oppo a16,0,7,0%,9.71
gif vs apng,0,7,0%,9.86
samsung a03s lock screen,0,7,0%,10.14
vivo y21s unlock,0,7,0%,10.14
how to unlock tecno spark 5,0,7,0%,10.29
android lockscreen removal software,0,7,0%,10.43
securebridge data exchange,0,7,0%,10.43
samsung a51 broken screen data recovery,0,7,0%,10.57
how to bypass nokia lock screen,0,7,0%,10.71
ipad 2 video format,0,7,0%,10.71
samsung galaxy s21 bypass lock screen,0,7,0%,10.71
redmi note 8 screen lock remove without losing data,0,7,0%,11
directory opus crack,0,7,0%,11.29
free android unlocker,0,7,0%,11.43
heic davinci resolve,0,7,0%,11.71
how to lock nokia 3310,0,7,0%,12.57
samsung galaxy tab 3 password hack,0,7,0%,13.57
4k video converter for android,0,7,0%,13.86
hevc codec for adobe premiere pro,0,7,0%,14.29
samsung a02s lock screen bypass,0,7,0%,15.43
android pattern lock remover software free download,0,7,0%,16.71
alcatel call logging software,0,7,0%,17.14
mi call history backup,0,7,0%,18
android lock screen remover,0,7,0%,18.57
resize gif without losing quality,0,7,0%,19.71
asppdf,0,7,0%,23
iphone heic to jpg,0,7,0%,25
how to recover deleted photos in redmi,0,7,0%,26.29
how to unlock panasonic phone,0,7,0%,31
premiere pro avi,0,7,0%,31.14
lg ice cream,0,7,0%,32
android data recovery for mac,0,7,0%,32.29
playster iphone x,0,7,0%,32.29
how to lock samsung galaxy s10,0,7,0%,33.14
how to bypass lock screen for moto without losing data,0,7,0%,33.71
corrupt jpg,0,7,0%,34.14
lava a68 back cover,0,7,0%,37.57
lg mkv player,0,7,0%,40.29
deskmini gtx,0,7,0%,40.43
convert design to flutter code,0,7,0%,41.14
recycle htc wildfire,0,7,0%,41.43
repair damaged jpg,0,7,0%,41.86
heic to jpg on iphone,0,7,0%,42.57
mp4 repair tool free,0,7,0%,42.71
how to retrieve deleted call log on samsung,0,7,0%,43.57
repair corrupted mp4 video,0,7,0%,47.29
0xc10100bf repair,0,7,0%,47.57
s6 data recovery,0,7,0%,48.57
recover deleted call history,0,7,0%,49.57
free mp4 repair software,0,7,0%,49.86
gopro file repair,0,7,0%,50.57
iphone se stuck on apple logo,0,7,0%,52
samsung galaxy s3 backup and restore,0,7,0%,52.29
droid data recovery,0,7,0%,52.86
how to fix a corrupt video file,0,7,0%,53.14
how to recover deleted call log android,0,7,0%,53.29
mp4 corrupted repair,0,7,0%,53.57
panasonic hc x900m,0,7,0%,54
repair corrupt mov file mac,0,7,0%,54.14
samsung smart tv plex,0,7,0%,55.43
how to restore gallery on samsung,0,7,0%,57.29
panasonic sdr-s50,0,7,0%,57.43
how to check wifi speed on laptop,0,7,0%,58
codec premiere pro,0,7,0%,59.29
how to unlock alcatel phone,0,7,0%,60.29
zte history,0,7,0%,60.57
best blu ray burning software,0,7,0%,60.71
plex h265,0,7,0%,61.14
play corrupted video files,0,7,0%,61.43
recover a corrupted video file,0,7,0%,61.57
lg g3 unlocked,0,7,0%,61.71
how to resize gif,0,7,0%,61.86
سامسونج c8,0,7,0%,62.29
amazon kindle fire hd 8 9,0,7,0%,63.43
android tablet data recivery,0,7,0%,63.43
how to restore deleted videos on iphone,0,7,0%,63.71
repair corrupted video files,0,7,0%,64
canon elph 350 hs,0,7,0%,65
flip magazine software,0,7,0%,65.29
local network speed test,0,7,0%,65.29
android data recovery free download,0,7,0%,65.86
fix video file,0,7,0%,67.43
samsung galaxy s4 mini unlocked,0,7,0%,68.14
blu ray ripper software,0,7,0%,69.29
recover photos after factory reset,0,7,0%,70
mac os speed test,0,7,0%,73
how to bypass iphone passcode,0,7,0%,73.43
fix corrupted jpg,0,7,0%,73.57
how to retrieve deleted text messages on samsung,0,7,0%,76
bypass android lock screen pattern pin or password,0,7,0%,77.43
recover deleted files android tablet,0,7,0%,77.86
mts player for android,0,7,0%,81
how to retrieve deleted call log iphone,0,7,0%,82.29
video converter 4k,0,7,0%,82.86
hevc video converter,0,7,0%,84.14
unlock note 9,0,7,0%,88.29
hevc converter,0,7,0%,90.43
mov to prores,0,7,0%,92.29
repair damaged photo,0,7,0%,93.86
huawei p10 lite hard reset,0,6,0%,1
lost mode huawei,0,6,0%,1
motorola history,0,6,0%,1
oppo f5 hard reset,0,6,0%,1
picture of spark 8,0,6,0%,1
redmi migrate to new phone,0,6,0%,1
samsung a51 factory reset,0,6,0%,1
tecno spark 8 picture,0,6,0%,1
vivo y12 picture,0,6,0%,1
vivo y15 recovery mode,0,6,0%,1
avi motola,0,6,0%,1.67
tecno spark 4 on off ways,0,6,0%,2
mp4 moviesz2,0,6,0%,2.17
nokia mp4,0,6,0%,2.33
how to check call history in oppo f19 pro,0,6,0%,3.17
oppo r9s unlock tool,0,6,0%,3.5
avid eos,0,6,0%,4
galaxy a10e lock screen bypass,0,6,0%,4
"corrupted image (boot/recovery) prevents the system from booting normally 
oppo f5",0,6,0%,4.67
oppo f17 dead solution,0,6,0%,4.83
recently deleted infinix,0,6,0%,4.83
samsung m12 unlock tool,0,6,0%,5
how to unlock a20 without password,0,6,0%,5.17
how to recover deleted files from samsung galaxy core prime,0,6,0%,5.5
huawei mate 10 lite password reset without losing data,0,6,0%,5.5
y6 video,0,6,0%,5.5
how to recover deleted files on tecno android,0,6,0%,5.67
how to unlock samsung a51 without password,0,6,0%,5.67
how to get deleted call history in redmi,0,6,0%,6
hevc codec adobe premiere download,0,6,0%,6.17
huawei p30 lite broken screen data recovery,0,6,0%,6.17
infinix recently deleted,0,6,0%,6.17
oppo f5 unlock tool,0,6,0%,6.17
meizu m6s password remove,0,6,0%,6.33
nokia hard reset tool 1.4,0,6,0%,6.67
android password removal tool,0,6,0%,7
recycle bin in tecno phone,0,6,0%,7
p30 pro unlock tool,0,6,0%,7.17
cougar minos x5 review,0,6,0%,7.33
free android unlock tool for pc,0,6,0%,7.33
how to recover deleted files in redmi note 9 pro,0,6,0%,7.5
no importable files final cut pro,0,6,0%,7.5
oppo a77 reset password,0,6,0%,7.5
oppo lock screen wallpaper,0,6,0%,7.5
how to recover deleted photos from infinix hot 9,0,6,0%,7.67
retrieve deleted messages oppo,0,6,0%,7.83
4k to 1080p converter android,0,6,0%,8
how to unlock nokia g20 without password,0,6,0%,8
sony xperia password remover software download,0,6,0%,8
hevc codec for after effects,0,6,0%,8.67
imovie hevc,0,6,0%,8.67
vivo y21g pattern unlock,0,6,0%,8.67
how to retrieve deleted messages oppo,0,6,0%,8.83
samsung a50 broken screen data recovery,0,6,0%,8.83
unsupported format or damaged file premiere pro mov,0,6,0%,8.83
vivo y1s pattern unlock tool free download,0,6,0%,8.83
vivo y91 lock remove,0,6,0%,8.83
y76 5g frp bypass,0,6,0%,8.83
mp4 samsung galaxy,0,6,0%,9
samsung m30 pattern unlock,0,6,0%,9.33
y1converter,0,6,0%,9.5
how to unlock huawei p30,0,6,0%,9.83
n1converter,0,6,0%,9.83
samsung a32 password bypass,0,6,0%,9.83
itel vision 1 pattern unlock,0,6,0%,10
oppo f7 lock screen password reset,0,6,0%,10
premiere pro h265 export,0,6,0%,10
android unlock program,0,6,0%,10.33
tecno spark 7 unlock tool,0,6,0%,10.33
such video files aren't supported xiaomi,0,6,0%,10.5
xiaomi broken phone data recovery,0,6,0%,10.5
call history deleted automatically oneplus,0,6,0%,10.67
how to recover deleted messages on redmi,0,6,0%,10.67
how to check call history in one plus,0,6,0%,10.83
one plus call history,0,6,0%,10.83
oppo a57 forgot lock screen password,0,6,0%,10.83
apng resize,0,6,0%,11
call history in oneplus,0,6,0%,11